이름,나이,주소
test1,11,서울
test2,21,경기
test3,31,인천
test4,41,성남
test5,51,용인
test1,11,서울
test2,21,경기
test3,31,인천
test4,41,성남
test5,51,용인
test1,11,서울
test2,21,경기
test3,31,인천
test4,41,성남
test5,51,용인
test1,11,서울
test2,21,경기
test3,31,인천
test4,41,성남
test5,51,용인
test1,11,서울
test2,21,경기
test3,31,인천
test4,41,성남
test5,51,용인
test1,11,서울
test2,21,경기
test3,31,인천
test4,41,성남
test5,51,용인
test1,11,서울
test2,21,경기
test3,31,인천
test4,41,성남
test5,51,용인
test1,11,서울
test2,21,경기
test3,31,인천
test4,41,성남
test5,51,용인
test1,11,서울
test2,21,경기
test3,31,인천
test4,41,성남
test5,51,용인
test1,11,서울
test2,21,경기
test3,31,인천
test4,41,성남
test5,51,용인
test1,11,서울
test2,21,경기
test3,31,인천
test4,41,성남
test5,51,용인
test1,11,서울
test2,21,경기
test3,31,인천
test4,41,성남
test5,51,용인
test1,11,서울
test2,21,경기
test3,31,인천
test4,41,성남
test5,51,용인
test1,11,서울
test2,21,경기
test3,31,인천
test4,41,성남
test5,51,용인
test1,11,서울
test2,21,경기
test3,31,인천
test4,41,성남
test5,51,용인
test1,11,서울
test2,21,경기
test3,31,인천
test4,41,성남
test5,51,용인
test1,11,서울
test2,21,경기
test3,31,인천
test4,41,성남
test5,51,용인
test1,11,서울
test2,21,경기
test3,31,인천
test4,41,성남
test5,51,용인
test1,11,서울
test2,21,경기
test3,31,인천
test4,41,성남
test5,51,용인
test1,11,서울
test2,21,경기
test3,31,인천
test4,41,성남
test5,51,용인
